{
  "report_type": "monthly",
  "period_label": "2026_01",
  "reporting_year": 2026,
  "prior_year": 2025,
  "haiti_imports_kg": 402810077.67,
  "haiti_imports_teu": 11400.5,
  "period_imports_kg": 402810077.67,
  "period_imports_teu": 11400.5,
  "prior_year_kg": 312483411.48,
  "prior_year_teu": 8579.0,
  "statistical_summary": {
    "n_country_hs_flows": 611,
    "median_yoy_pct": -81.32602278710378,
    "mean_yoy_pct": -57.97425231646642,
    "std_yoy_pct": 113.85255484776913,
    "n_positive_growth": 46,
    "n_negative_growth": 490
  }
}