{
  "report_type": "annual",
  "period_label": "2025_annual",
  "reporting_year": 2025,
  "prior_year": 2024,
  "haiti_imports_kg": 4091681070.4,
  "haiti_imports_teu": 101476.0,
  "period_imports_kg": 4091681070.4,
  "period_imports_teu": 101476.0,
  "prior_year_kg": 3923611902.54,
  "prior_year_teu": 78347.75,
  "statistical_summary": {
    "n_country_hs_flows": 1767,
    "median_yoy_pct": 22.59911420662624,
    "mean_yoy_pct": 1453.1788934261622,
    "std_yoy_pct": 30429.53023225874,
    "n_positive_growth": 648,
    "n_negative_growth": 424
  }
}